5,Peanuts,22,25,kgs,"[""1kg"",""750gm"",""500gm"",""250gm""]","{""1kg"": 25.0, ""750gm"": 18.75, ""500gm"": 12.5, ""250gm"": 6.25}",Groceries,28,0,2025-11-11 18:50:16.000
6,Poha,341,435,kgs,"[""1kg"",""750gm"",""500gm"",""250gm""]","{""1kg"": 435.0, ""750gm"": 326.25, ""500gm"": 217.5, ""250gm"": 108.75}",Groceries,86,0,2025-11-11 18:28:48.000
7,Tur Dal,24,27,kgs,"[""1kg"",""750gm"",""500gm"",""250gm""]","{""1kg"": 27.0, ""750gm"": 20.25, ""500gm"": 13.5, ""250gm"": 6.75}",Groceries,50,0,2025-11-11 18:01:48.000
8,Almonds,361,448,kgs,"[""1kg"",""750gm"",""500gm"",""250gm""]","{""1kg"": 448.0, ""750gm"": 336.0, ""500gm"": 224.0, ""250gm"": 112.0}",Groceries,42,0,2025-11-11 18:30:39.000
9,Sesame Oil,407,448,ltr,"[""1ltr"",""750ml"",""500ml"",""250ml""]","{""1ltr"": 448.0, ""750ml"": 336.0, ""500ml"": 224.0, ""250ml"": 112.0}",Groceries,80,0,2025-11-11 18:47:39.000
10,Mustard Seeds,344,418,kgs,"[""1kg"",""750gm"",""500gm"",""250gm""]","{""1kg"": 418.0, ""750gm"": 313.5, ""500gm"": 209.0, ""250gm"": 104.5}",Groceries,25,0,2025-11-11 18:00:31.000
11,Sona Masoori ,446,560,kgs,"[""1kg"",""750gm"",""500gm"",""250gm""]","{""1kg"": 560.0, ""750gm"": 420.0, ""500gm"": 280.0, ""250gm"": 140.0}",Groceries,65,0,2025-11-11 18:59:59.000
12,Clinic Plus Shampoo,19,22,pcs,,,Groceries,16,0,2025-11-11 18:16:25.000
13,Basmati Rice no 1,221,249,kgs,"[""1kg"",""750gm"",""500gm"",""250gm""]","{""1kg"": 249.0, ""750gm"": 186.75, ""500gm"": 124.5, ""250gm"": 62.25}",Groceries,75,0,2025-11-11 18:23:19.000
14,Pasta spring,33,38,pcs,,,Groceries,68,0,2025-11-11 18:37:49.000
15,KitKat bar,10,12,pcs,,,Groceries,37,0,2025-11-11 18:25:14.000
16,Turmeric Powder,473,586,kgs,"[""1kg"",""750gm"",""500gm"",""250gm""]","{""1kg"": 586.0, ""750gm"": 439.5, ""500gm"": 293.0, ""250gm"": 146.5}",Groceries,50,0,2025-11-11 18:54:30.000
17,Bingo choclate,43,54,pcs,,,Groceries,20,0,2025-11-11 18:39:54.000
18,Skimmed Milk,22,25,ltr,"[""1ltr"",""750ml"",""500ml"",""250ml""]","{""1ltr"": 25.0, ""750ml"": 18.75, ""500ml"": 12.5, ""250ml"": 6.25}",Dairy,40,0,2025-11-11 18:51:15.000
19,Jam,32,39,pcs,,,Groceries,64,0,2025-11-11 18:00:14.000
20,Basmati Rice,80,98,kgs,"[""1kg"",""750gm"",""500gm"",""250gm""]","{""1kg"": 98.0, ""750gm"": 73.5, ""500gm"": 49.0, ""250gm"": 24.5}",Groceries,21,0,2025-11-11 18:08:25.000
21,Lays Classic,36,41,pcs,,,Groceries,95,0,2025-11-11 18:14:21.000
22,Poha Mota,158,205,kgs,"[""1kg"",""750gm"",""500gm"",""250gm""]","{""1kg"": 205.0, ""750gm"": 153.75, ""500gm"": 102.5, ""250gm"": 51.25}",Groceries,32,0,2025-11-11 18:12:44.000
23,Vinegar,179,204,ltr,"[""1ltr"",""750ml"",""500ml"",""250ml""]","{""1ltr"": 204.0, ""750ml"": 153.0, ""500ml"": 102.0, ""250ml"": 51.0}",Groceries,27,0,2025-11-11 18:30:00.000
24,Peanuts No 1,221,245,kgs,"[""1kg"",""750gm"",""500gm"",""250gm""]","{""1kg"": 245.0, ""750gm"": 183.75, ""500gm"": 122.5, ""250gm"": 61.25}",Groceries,38,0,2025-11-11 18:14:55.000
25,Kishmish,151,192,kgs,"[""1kg"",""750gm"",""500gm"",""250gm""]","{""1kg"": 192.0, ""750gm"": 144.0, ""500gm"": 96.0, ""250gm"": 48.0}",Groceries,66,0,2025-11-11 18:31:39.000
26,Green Peas,108,132,kgs,"[""1kg"",""750gm"",""500gm"",""250gm""]","{""1kg"": 132.0, ""750gm"": 99.0, ""500gm"": 66.0, ""250gm"": 33.0}",Groceries,70,0,2025-11-11 18:14:23.000
27,Maida soft,371,476,kgs,"[""1kg"",""750gm"",""500gm"",""250gm""]","{""1kg"": 476.0, ""750gm"": 357.0, ""500gm"": 238.0, ""250gm"": 119.0}",Groceries,65,0,2025-11-11 18:52:47.000
28,Parle-G,38,48,pcs,,,Groceries,16,0,2025-11-11 18:42:38.000
29,Buttermilk no 1,46,60,ltr,"[""1ltr"",""500ml""]","{""1ltr"": 60.0, ""500ml"": 30.0}",Dairy,70,0,2025-11-11 18:40:36.000
30,Soy Sauce no 1,489,601,ltr,"[""1ltr"",""750ml"",""500ml"",""250ml""]","{""1ltr"": 601.0, ""750ml"": 450.75, ""500ml"": 300.5, ""250ml"": 150.25}",Groceries,25,0,2025-11-11 18:07:26.000
31,Coriander Seeds,35,42,kgs,"[""1kg"",""750gm"",""500gm"",""250gm""]","{""1kg"": 42.0, ""750gm"": 31.5, ""500gm"": 21.0, ""250gm"": 10.5}",Groceries,31,0,2025-11-11 18:17:23.000
32,Walnuts no 1,423,504,kgs,"[""1kg"",""750gm"",""500gm"",""250gm""]","{""1kg"": 504.0, ""750gm"": 378.0, ""500gm"": 252.0, ""250gm"": 126.0}",Groceries,18,0,2025-11-11 18:07:08.000
33,KitKat choclate,45,55,pcs,,,Groceries,90,0,2025-11-11 18:12:12.000
34,Groundnut Oil no 1,127,161,ltr,"[""1ltr"",""750ml"",""500ml"",""250ml""]","{""1ltr"": 161.0, ""750ml"": 120.75, ""500ml"": 80.5, ""250ml"": 40.25}",Groceries,53,0,2025-11-11 18:41:22.000
35,Snickers,26,31,pcs,,,Groceries,47,0,2025-11-11 18:53:47.000
36,Badam Milkshake,474,548,ltr,"[""1ltr"",""750ml"",""500ml"",""250ml""]","{""1ltr"": 548.0, ""750ml"": 411.0, ""500ml"": 274.0, ""250ml"": 137.0}",Dairy,61,0,2025-11-11 18:12:26.000
37,Sugar,302,340,kgs,"[""1kg"",""750gm"",""500gm"",""250gm""]","{""1kg"": 340.0, ""750gm"": 255.0, ""500gm"": 170.0, ""250gm"": 85.0}",Groceries,15,0,2025-11-11 18:09:31.000
38,HMT Rice,137,171,kgs,"[""1kg"",""750gm"",""500gm"",""250gm""]","{""1kg"": 171.0, ""750gm"": 128.25, ""500gm"": 85.5, ""250gm"": 42.75}",Groceries,49,0,2025-11-11 18:55:19.000
39,flower Oil,35,43,ltr,"[""1ltr"",""750ml"",""500ml"",""250ml""]","{""1ltr"": 43.0, ""750ml"": 32.25, ""500ml"": 21.5, ""250ml"": 10.75}",Groceries,23,0,2025-11-11 18:06:29.000
40,Milk,321,370,ltr,"[""1ltr"",""750ml"",""500ml"",""250ml""]","{""1ltr"": 370.0, ""750ml"": 277.5, ""500ml"": 185.0, ""250ml"": 92.5}",Dairy,37,0,2025-11-11 18:42:33.000
41,Asli Ghee,40,49,ltr,"[""1ltr"",""500ml""]","{""1ltr"": 49.0, ""500ml"": 24.5}",Groceries,61,0,2025-11-11 18:07:48.000
42,Bingo,25,28,pcs,,,Groceries,26,0,2025-11-11 18:41:26.000
43,Pasta pipe,38,49,pcs,,,Groceries,53,0,2025-11-11 18:22:22.000
44,Good Day biscuit,30,38,pcs,,,Groceries,71,0,2025-11-11 18:42:12.000
45,Vinegar sauce,182,230,ltr,"[""1ltr"",""500ml""]","{""1ltr"": 230.0, ""500ml"": 115.0}",Groceries,67,0,2025-11-11 18:42:00.000
46,Olive Oil bottle,48,61,ltr,"[""1ltr"",""750ml"",""500ml"",""250ml""]","{""1ltr"": 61.0, ""750ml"": 45.75, ""500ml"": 30.5, ""250ml"": 15.25}",Groceries,35,0,2025-11-11 18:51:37.000
47,Good Day,19,24,pcs,,,Groceries,57,0,2025-11-11 18:41:05.000
48,Besan,113,135,kgs,"[""1kg"",""750gm"",""500gm"",""250gm""]","{""1kg"": 135.0, ""750gm"": 101.25, ""500gm"": 67.5, ""250gm"": 33.75}",Groceries,58,0,2025-11-11 18:13:35.000
49,Pasta,25,29,pcs,,,Groceries,80,0,2025-11-11 18:00:55.000
50,Munch,38,45,pcs,,,Groceries,58,0,2025-11-11 18:14:10.000
51,Milkshake,485,626,ltr,"[""1ltr"",""500ml""]","{""1ltr"": 626.0, ""500ml"": 313.0}",Dairy,50,0,2025-11-11 18:11:35.000
52,Rose Water alps,297,342,ltr,"[""1ltr"",""750ml"",""500ml"",""250ml""]","{""1ltr"": 342.0, ""750ml"": 256.5, ""500ml"": 171.0, ""250ml"": 85.5}",Groceries,55,0,2025-11-11 18:44:34.000
53,Poha barik,121,140,kgs,"[""1kg"",""750gm"",""500gm"",""250gm""]","{""1kg"": 140.0, ""750gm"": 105.0, ""500gm"": 70.0, ""250gm"": 35.0}",Groceries,45,0,2025-11-11 18:03:26.000
54,5 Star choclate,10,12,pcs,,,Groceries,90,0,2025-11-11 18:18:34.000
55,Mustard Oil no 1,173,219,ltr,"[""1ltr"",""500ml""]","{""1ltr"": 219.0, ""500ml"": 109.5}",Groceries,35,0,2025-11-11 18:06:59.000
56,5 Star,21,25,pcs,,,Groceries,23,0,2025-11-11 18:21:10.000
57,Mustard Seeds no 1,170,206,kgs,"[""1kg"",""750gm"",""500gm"",""250gm""]","{""1kg"": 206.0, ""750gm"": 154.5, ""500gm"": 103.0, ""250gm"": 51.5}",Groceries,43,0,2025-11-11 18:21:19.000
58,Soy Sauce 2,341,410,ltr,"[""1ltr"",""500ml""]","{""1ltr"": 410.0, ""500ml"": 205.0}",Groceries,56,0,2025-11-11 18:01:36.000
59,Moong Dal,396,484,kgs,"[""1kg"",""750gm"",""500gm"",""250gm""]","{""1kg"": 484.0, ""750gm"": 363.0, ""500gm"": 242.0, ""250gm"": 121.0}",Groceries,33,0,2025-11-11 18:28:32.000
60,Walnuts 2,207,258,kgs,"[""1kg"",""750gm"",""500gm"",""250gm""]","{""1kg"": 258.0, ""750gm"": 193.5, ""500gm"": 129.0, ""250gm"": 64.5}",Groceries,20,0,2025-11-11 18:17:23.000
61,Red Chilli Powder,247,280,kgs,"[""1kg"",""750gm"",""500gm"",""250gm""]","{""1kg"": 280.0, ""750gm"": 210.0, ""500gm"": 140.0, ""250gm"": 70.0}",Groceries,70,0,2025-11-11 18:27:05.000
62,Maida,131,153,kgs,"[""1kg"",""750gm"",""500gm"",""250gm""]","{""1kg"": 153.0, ""750gm"": 114.75, ""500gm"": 76.5, ""250gm"": 38.25}",Groceries,80,0,2025-11-11 18:40:45.000
63,Tur Dal premium,235,301,kgs,"[""1kg"",""750gm"",""500gm"",""250gm""]","{""1kg"": 301.0, ""750gm"": 225.75, ""500gm"": 150.5, ""250gm"": 75.25}",Groceries,90,0,2025-11-11 18:45:54.000
64,Poha medium,160,183,kgs,"[""1kg"",""750gm"",""500gm"",""250gm""]","{""1kg"": 183.0, ""750gm"": 137.25, ""500gm"": 91.5, ""250gm"": 45.75}",Groceries,26,0,2025-11-11 18:52:13.000
65,Tamarind,204,254,kgs,"[""1kg"",""750gm"",""500gm"",""250gm""]","{""1kg"": 254.0, ""750gm"": 190.5, ""500gm"": 127.0, ""250gm"": 63.5}",Groceries,48,0,2025-11-11 18:31:07.000
66,Rajma no 1,198,257,kgs,"[""1kg"",""750gm"",""500gm"",""250gm""]","{""1kg"": 257.0, ""750gm"": 192.75, ""500gm"": 128.5, ""250gm"": 64.25}",Groceries,29,0,2025-11-11 18:35:38.000
67,No 1  Rice,208,239,kgs,"[""1kg"",""750gm"",""500gm"",""250gm""]","{""1kg"": 239.0, ""750gm"": 179.25, ""500gm"": 119.5, ""250gm"": 59.75}",Groceries,38,0,2025-11-11 18:29:47.000
68,Perk choclate,10,12,pcs,,,Groceries,20,0,2025-11-11 18:38:05.000
69,Chana Dal,141,172,kgs,"[""1kg"",""750gm"",""500gm"",""250gm""]","{""1kg"": 172.0, ""750gm"": 129.0, ""500gm"": 86.0, ""250gm"": 43.0}",Groceries,57,0,2025-11-11 18:48:45.000
70,Groundnut Oil,292,326,ltr,"[""1ltr"",""500ml""]","{""1ltr"": 326.0, ""500ml"": 163.0}",Groceries,58,0,2025-11-11 18:34:14.000
71,Marie Gold biscuit,18,23,pcs,,,Groceries,48,0,2025-11-11 18:29:10.000
72,Mustard Oil,417,467,ltr,"[""1ltr"",""750ml"",""500ml"",""250ml""]","{""1ltr"": 467.0, ""750ml"": 350.25, ""500ml"": 233.5, ""250ml"": 116.75}",Groceries,38,0,2025-11-11 18:05:54.000
73,Ghee,129,149,ltr,"[""1ltr"",""750ml"",""500ml"",""250ml""]","{""1ltr"": 149.0, ""750ml"": 111.75, ""500ml"": 74.5, ""250ml"": 37.25}",Groceries,57,0,2025-11-11 18:48:31.000
74,Oreo Biscuits,30,33,pcs,,,Groceries,33,0,2025-11-11 18:21:44.000
75,Cumin Seeds,378,461,kgs,"[""1kg"",""750gm"",""500gm"",""250gm""]","{""1kg"": 461.0, ""750gm"": 345.75, ""500gm"": 230.5, ""250gm"": 115.25}",Groceries,52,0,2025-11-11 18:30:07.000
76,Coriander Seeds no 1,256,317,kgs,"[""1kg"",""750gm"",""500gm"",""250gm""]","{""1kg"": 317.0, ""750gm"": 237.75, ""500gm"": 158.5, ""250gm"": 79.25}",Groceries,66,0,2025-11-11 18:46:43.000
77,Sona Rice,276,308,kgs,"[""1kg"",""750gm"",""500gm"",""250gm""]","{""1kg"": 308.0, ""750gm"": 231.0, ""500gm"": 154.0, ""250gm"": 77.0}",Groceries,92,0,2025-11-11 18:33:17.000
78,Perk,14,16,pcs,,,Groceries,62,0,2025-11-11 18:53:04.000
79,Dark Fantasy,28,32,pcs,,,Groceries,25,0,2025-11-11 18:04:10.000
80,Rose Water bottle,123,159,ltr,"[""1ltr"",""750ml"",""500ml"",""250ml""]","{""1ltr"": 159.0, ""750ml"": 119.25, ""500ml"": 79.5, ""250ml"": 39.75}",Groceries,40,0,2025-11-11 18:13:31.000
81,Marie Gold,23,29,pcs,,,Groceries,90,0,2025-11-11 18:29:30.000
82,Almonds no 1,146,175,kgs,"[""1kg"",""750gm"",""500gm"",""250gm""]","{""1kg"": 175.0, ""750gm"": 131.25, ""500gm"": 87.5, ""250gm"": 43.75}",Groceries,20,0,2025-11-11 18:48:10.000
83,Mustard Seeds 2,488,576,kgs,"[""1kg"",""750gm"",""500gm"",""250gm""]","{""1kg"": 576.0, ""750gm"": 432.0, ""500gm"": 288.0, ""250gm"": 144.0}",Groceries,25,0,2025-11-11 18:36:35.000
84,Chickpeas,451,497,kgs,"[""1kg"",""750gm"",""500gm"",""250gm""]","{""1kg"": 497.0, ""750gm"": 372.75, ""500gm"": 248.5, ""250gm"": 124.25}",Groceries,75,0,2025-11-11 18:16:02.000
85,Rajma,124,155,kgs,"[""1kg"",""750gm"",""500gm"",""250gm""]","{""1kg"": 155.0, ""750gm"": 116.25, ""500gm"": 77.5, ""250gm"": 38.75}",Groceries,58,0,2025-11-11 18:43:25.000
86,Buttermilk 2,124,156,ltr,"[""1ltr"",""500ml""]","{""1ltr"": 156.0, ""500ml"": 78.0}",Dairy,55,0,2025-11-11 18:31:41.000
87,Rose Water,289,373,ltr,"[""1ltr"",""500ml""]","{""1ltr"": 373.0, ""500ml"": 186.5}",Groceries,35,0,2025-11-11 18:24:56.000
88,Toothpaste,10,12,pcs,,,Groceries,20,0,2025-11-11 18:58:13.000
89,Vinegar bottle,332,393,ltr,"[""1ltr"",""500ml""]","{""1ltr"": 393.0, ""500ml"": 196.5}",Groceries,45,0,2025-11-11 18:46:46.000
90,Tur Dal eco,420,488,kgs,"[""1kg"",""750gm"",""500gm"",""250gm""]","{""1kg"": 488.0, ""750gm"": 366.0, ""500gm"": 244.0, ""250gm"": 122.0}",Groceries,40,0,2025-11-11 18:38:44.000
91,Wheat Flour,424,541,kgs,"[""1kg"",""750gm"",""500gm"",""250gm""]","{""1kg"": 541.0, ""750gm"": 405.75, ""500gm"": 270.5, ""250gm"": 135.25}",Groceries,20,0,2025-11-11 18:13:01.000
92,Sunflower Oil,245,297,ltr,"[""1ltr"",""500ml""]","{""1ltr"": 297.0, ""500ml"": 148.5}",Groceries,55,0,2025-11-11 18:30:48.000
93,Soy Sauce,451,544,ltr,"[""1ltr"",""500ml""]","{""1ltr"": 544.0, ""500ml"": 272.0}",Groceries,40,0,2025-11-11 18:09:36.000
94,Walnuts,126,154,kgs,"[""1kg"",""750gm"",""500gm"",""250gm""]","{""1kg"": 154.0, ""750gm"": 115.5, ""500gm"": 77.0, ""250gm"": 38.5}",Groceries,20,0,2025-11-11 18:53:59.000
95,Buttermilk,188,235,ltr,"[""1ltr"",""750ml"",""500ml"",""250ml""]","{""1ltr"": 235.0, ""750ml"": 176.25, ""500ml"": 117.5, ""250ml"": 58.75}",Dairy,20,0,2025-11-11 18:56:25.000
96,Olive Oil,392,452,ltr,"[""1ltr"",""500ml""]","{""1ltr"": 452.0, ""500ml"": 226.0}",Groceries,50,0,2025-11-11 18:14:39.000
97,KitKat,13,16,pcs,,,Groceries,64,0,2025-11-11 18:20:40.000
98,Pistachios,312,399,kgs,"[""1kg"",""750gm"",""500gm"",""250gm""]","{""1kg"": 399.0, ""750gm"": 299.25, ""500gm"": 199.5, ""250gm"": 99.75}",Groceries,50,0,2025-11-11 18:29:48.000
99,Turmeric Powder 1,163,207,kgs,"[""1kg"",""750gm"",""500gm"",""250gm""]","{""1kg"": 207.0, ""750gm"": 155.25, ""500gm"": 103.5, ""250gm"": 51.75}",Groceries,40,0,2025-11-11 18:07:19.000
100,Almonds 2,171,199,kgs,"[""1kg"",""750gm"",""500gm"",""250gm""]","{""1kg"": 199.0, ""750gm"": 149.25, ""500gm"": 99.5, ""250gm"": 49.75}",Groceries,30,0,2025-11-11 18:41:53.000
101,Dishwash Bar,25,28,pcs,,,Groceries,18,0,2025-11-11 18:07:15.000
102,Head and shoulder Shampoo,28,34,pcs,,,Groceries,50,0,2025-11-11 18:56:48.000
103,Raisins,114,146,kgs,"[""1kg"",""750gm"",""500gm"",""250gm""]","{""1kg"": 146.0, ""750gm"": 109.5, ""500gm"": 73.0, ""250gm"": 36.5}",Groceries,90,0,2025-11-11 18:49:35.000
104,Shampoo,17,21,pcs,,,Groceries,20,0,2025-11-11 18:04:28.000
